Model,elpd_loo,se_elpd_loo,p_loo
horseshoe_better,-13.424290468132675,3.84801430145649,6.7301873887851
