Model,elpd_loo,se_elpd_loo,p_loo
horseshoe,-11.587789834323827,3.4749982566385316,7.42271859128432
